{"cameraMode":{"drawMode":0,"name":"Shaded","section":"Shading Mode"},"sceneLighting":false,"audioPlay":false,"sceneViewState":{"m_AlwaysRefresh":false,"showFog":true,"showSkybox":false,"showFlares":true,"showImageEffects":true,"showParticleSystems":true,"showVisualEffectGraphs":true,"m_FxEnabled":true},"in2DMode":false,"pivot":{"x":0.9409999847412109,"y":1.3600000143051148,"z":0.06580018997192383},"rotation":{"x":0.005352236796170473,"y":0.9477436542510986,"z":-0.31861114501953127,"w":0.01592479832470417},"size":0.5196152925491333,"orthographic":false}